Workbook
Name _: NA()
Name _____AGK1: #N/A
Name _____AGK1_1: #N/A
Name _____AGK1_1_1: #N/A
Name _____AGK1_1_1_1: #N/A
Name _____AGK1_1_1_1_1: #N/A
Name _____AGK1_1_1_1_1_1: #N/A
Name _____AGK1_1_1_2: #N/A
Name _____AGK1_1_2: #N/A
Name _____AGK1_1_2_1: #N/A
Name _____AGK1_1_2_1_1: #N/A
Name _____AGK1_1_2_2: #N/A
Name _____AGK1_1_3: #N/A
Name _____AGK1_1_3_1: #N/A
Name _____AGK1_1_3_2: #N/A
Name _____AGK1_1_4: #N/A
Name _____AGK1_1_4_1: #N/A
Name _____AGK1_1_4_2: #N/A
Name _____AGK1_1_5: #N/A
Name _____AGK1_1_5_1: #N/A
Name _____AGK1_1_5_2: #N/A
Name _____AGK1_1_6: #N/A
Name _____AGK1_1_6_1: #N/A
Name _____AGK1_1_6_2: #N/A
Name _____AGK1_1_7: #N/A
Name _____AGK1_1_7_1: #N/A
Name _____AGK1_1_7_2: #N/A
Name _____AGK1_2: #N/A
Name _____AGK1_2_1: #N/A
Name _____AGK1_2_1_1: #N/A
Name _____AGK1_2_2: #N/A
Name _____AGK1_3: #N/A
Name _____AGK1_3_1: #N/A
Name _____AGK1_3_2: #N/A
Name _____AGK1_4: #N/A
Name _____AGK1_4_1: #N/A
Name _____AGK1_4_2: #N/A
Name _____AGK1_5: #N/A
Name _____AGK1_5_1: #N/A
Name _____AGK1_5_2: #N/A
Name _____AGK1_6: #N/A
Name _____AGK1_6_1: #N/A
Name _____AGK1_6_2: #N/A
Name _____AGK1_7: #N/A
Name _____AGK1_7_1: #N/A
Name _____AGK1_7_2: #N/A
Name _____AGK2: #N/A
Name _____AGK2_1: #N/A
Name _____AGK2_1_1: #N/A
Name _____AGK2_1_1_1: #N/A
Name _____AGK2_1_1_1_1: #N/A
Name _____AGK2_1_1_1_1_1: #N/A
Name _____AGK2_1_1_2: #N/A
Name _____AGK2_1_2: #N/A
Name _____AGK2_1_2_1: #N/A
Name _____AGK2_1_2_1_1: #N/A
Name _____AGK2_1_2_2: #N/A
Name _____AGK2_1_3: #N/A
Name _____AGK2_1_3_1: #N/A
Name _____AGK2_1_3_2: #N/A

Sheet İCMAL
B3: POZ NUMARASI | C3: AÇIKLAMA | D3: MALZEME TUTARI (TL) | E3: İŞÇİLİK TUTARI (TL) | F3: GENEL GİDER TUTARI (TL) | G3: TOPLAM TUTAR (TL)
B4: 1.1 | C4: ALÇAK GERİLİM PANOLARI | D4: ='KEŞİF LİSTESİ'!H846 -> 0 | E4: ='KEŞİF LİSTESİ'!I846 -> 0 | F4: ='KEŞİF LİSTESİ'!J846 -> 0 | G4: ='KEŞİF LİSTESİ'!L846 -> 0
B5: 1.2 | C5: KUVVETLİ AKIM KABLOLARI | D5: ='KEŞİF LİSTESİ'!H908 -> 0 | E5: ='KEŞİF LİSTESİ'!I908 -> 0 | F5: ='KEŞİF LİSTESİ'!J908 -> 0 | G5: ='KEŞİF LİSTESİ'!L908 -> 0
B6: 1.3 | C6: KABLO TAŞIYICILARI ve BORULAR | D6: ='KEŞİF LİSTESİ'!H987 -> 0 | E6: ='KEŞİF LİSTESİ'!I987 -> 0 | F6: ='KEŞİF LİSTESİ'!J987 -> 0 | G6: ='KEŞİF LİSTESİ'!L987 -> 0
B7: 1.4 | C7: AYDINLATMA VE PRİZ SORTİLERİ | D7: ='KEŞİF LİSTESİ'!H1014 -> 0 | E7: ='KEŞİF LİSTESİ'!I1014 -> 0 | F7: ='KEŞİF LİSTESİ'!J1014 -> 0 | G7: =+'KEŞİF LİSTESİ'!L1014 -> 0
B8: 1.5 | C8: ANAHTAR VE PRİZLER | D8: ='KEŞİF LİSTESİ'!H1043 -> 0 | E8: ='KEŞİF LİSTESİ'!I1043 -> 0 | F8: ='KEŞİF LİSTESİ'!J1043 -> 0 | G8: =+'KEŞİF LİSTESİ'!L1043 -> 0
B9: 1.6 | C9: ='KEŞİF LİSTESİ'!D1045 -> BUSBAR ve ASKI DESTEK SİSTEMİ | D9: =+'KEŞİF LİSTESİ'!H1165 -> 0 | E9: =+'KEŞİF LİSTESİ'!I1165 -> 0 | F9: =+'KEŞİF LİSTESİ'!J1165 -> 0 | G9: =+'KEŞİF LİSTESİ'!L1165 -> 0
B10: 1.7 | C10: AYDINLATMA ARMATÜRLERİ | D10: İŞVEREN | E10: =+'KEŞİF LİSTESİ'!I1194 -> 0 | F10: =+'KEŞİF LİSTESİ'!J1194 -> 0 | G10: =+'KEŞİF LİSTESİ'!L1194 -> 0
B11: 1.8 | C11: TOPRAKLAMA-YILDIRIMDAN KORUMA TESİSATI | D11: =+'KEŞİF LİSTESİ'!H1217 -> 0 | E11: =+'KEŞİF LİSTESİ'!I1217 -> 0 | F11: =+'KEŞİF LİSTESİ'!J1217 -> 0 | G11: =+'KEŞİF LİSTESİ'!L1217 -> 0
B12: 1.9 | C12: UPS CİHAZI | D12: =+'KEŞİF LİSTESİ'!H1225 -> 0 | E12: =+'KEŞİF LİSTESİ'!I1225 -> 0 | F12: =+'KEŞİF LİSTESİ'!J1225 -> 0 | G12: =+'KEŞİF LİSTESİ'!L1225 -> 0
B13: 2.1 | C13: TELEFON VE DATA SİSTEMİ ve KABLOLAMA | D13: =+'KEŞİF LİSTESİ'!H1269 -> 0 | E13: =+'KEŞİF LİSTESİ'!I1269 -> 0 | F13: =+'KEŞİF LİSTESİ'!J1269 -> 0 | G13: =+'KEŞİF LİSTESİ'!L1269 -> 0
B14: 2.2 | C14: TV SİSTEMİ ve KABLOLAMA | D14: =+'KEŞİF LİSTESİ'!H1302 -> 0 | E14: =+'KEŞİF LİSTESİ'!I1302 -> 0 | F14: =+'KEŞİF LİSTESİ'!J1302 -> 0 | G14: =+'KEŞİF LİSTESİ'!L1302 -> 0
B15: 2.3 | C15: YANGIN İHBAR SİSTEMİ ve KABLOLAMA | D15: =+'KEŞİF LİSTESİ'!H1346 -> 0 | E15: =+'KEŞİF LİSTESİ'!I1346 -> 0 | F15: =+'KEŞİF LİSTESİ'!J1346 -> 0 | G15: =+'KEŞİF LİSTESİ'!L1346 -> 0
B16: 2.4 | C16: SESLENDİRME VE ACİL ANONS SİSTEMİ ve KABLOLAMA | D16: =+'KEŞİF LİSTESİ'!H1373 -> 0 | E16: =+'KEŞİF LİSTESİ'!I1373 -> 0 | F16: =+'KEŞİF LİSTESİ'!J1373 -> 0 | G16: =+'KEŞİF LİSTESİ'!L1373 -> 0
B17: 2.5 | C17: IP CCTV SİSTEMİ ve KABLOLAMA | D17: =+'KEŞİF LİSTESİ'!H1395 -> 0 | E17: =+'KEŞİF LİSTESİ'!I1395 -> 0 | F17: =+'KEŞİF LİSTESİ'!J1395 -> 0 | G17: =+'KEŞİF LİSTESİ'!L1395 -> 0
B18: 2.6 | C18: ARAÇ BARİYER VE PLAKA TANIMA SİSTEMİ ve KABLOLAMA | D18: =+'KEŞİF LİSTESİ'!H1418 -> 0 | E18: =+'KEŞİF LİSTESİ'!I1418 -> 0 | F18: =+'KEŞİF LİSTESİ'!J1418 -> 0 | G18: =+'KEŞİF LİSTESİ'!L1418 -> 0
B19: 2.7 | C19: MEKANİK OTOMASYON İŞLERİ KABLOLAMASI | D19: =+'KEŞİF LİSTESİ'!H1426 -> 0 | E19: =+'KEŞİF LİSTESİ'!I1426 -> 0 | F19: =+'KEŞİF LİSTESİ'!J1426 -> 0 | G19: =+'KEŞİF LİSTESİ'!L1426 -> 0
B20: 2.8 | C20: DİĞER İŞLER ve SOSYAL TESİS YAKIN KEŞİF | D20: ='KEŞİF LİSTESİ'!H1621 -> 0 | E20: ='KEŞİF LİSTESİ'!I1621 -> 0 | F20: ='KEŞİF LİSTESİ'!J1621 -> 0 | G20: =+'KEŞİF LİSTESİ'!L1621 -> 0
B22: GENEL TOPLAM | D22: =SUM(D4:D20) -> 0 | E22: =SUM(E4:E20) -> 0 | F22: =SUM(F4:F20) -> 0 | G22: =SUM(G4:G20) -> 0

Sheet KEŞİF LİSTESİ
C3: NO | D3: AÇIKLAMA | E3: MARKA LİSTESİ | F3: BİRİM | G3: MİKTAR | H3: MALZEME BİRİM FİYATI | I3: İŞÇİLİK BİRİM FİYATI | J3: GENEL GİDER BİRİM FİYATI | K3: TOPLAM BİRİM FİYAT | L3: TOPLAM TUTAR
C4: 1 | D4: KUVVETLİ AKIM SİSTEMLERİ
C5: 1.1 | D5: ALÇAK GERİLİM PANOLARI
D6: ALÇAK GERİLİM PANOLARI Özel teknik şartnamede belirtildiği şekilde ve tek hat şemasında açılımı verilen donanımda ve tüm cihaz ve ölçü aletleri vede % 20 yedek yeri ile birlikte içine alacak ebatta imali olmak üzere profil haline getirilmiş DKP saçtan mamul,önden kontrol edilebilir, kapaklı saç pano tesisi bara mesnet izolatörleri ve pertinaks plakları, iç bağlantı iletkenleri, plastik kablo yolları, cihazların etkilenmesi besleme ve kumanda kablolarının kesitlerine uygun büyüklükte klemensleri giriş ve çıkış kabloları için rakorlar,U profilden montaj kaidesi, bara ve şalt malzeme, hareketli kapakların topraklanması, her nevi ufak malzemesi dahil tablonun montaj işçiliğidir. tablo montajı fiyatına tüm kabloların uç bağlantıları dahil edilecektir. Panolar tekhat şemasına uygun çalışır vaziyette teslim edilecektir. Tüm şalt malzeme Icu kapasitesi proje değerlerine uygun olacaktır. (IEC 61439-1, IEC 60947 standartlarına uygun) Klemensler çift katlı olacaktır. DİKİLİ TİP PANOLAR SİSMİK HALATLARLA TAVAN VE DUVARA SABİTLENECEKTİR,PANO FİYATLARINA DAHİLDİR.
D7: Panolar odaya yerleşecek şekilde uygun ölçülere getirilerek yapılacaktır.
D8: Dikili tip panolarda odaya panolar yerleşecek şekilde gerekirse L Tipi olarak imalat yapılacaktır.Pano birim fiyatına dahildir. Panoların yükseltilmiş kaideleri pano ral kodu ile aynı olacak şekilde sac ile kaplama yapılarak boşlukların gözükmemesi sağlanacaktır. Pano ölçüleri yakın metraj olarak belirtilmiştir.Pano ölçülerinde oluşacak değişikliklerde pano en ve boy uzunluğu baz alınarak m2 hesabı üzerinden birim fiyatı değiştirilecektir.
D9: Panolar Lokal ve Form2b olacaktır.
C11: 1 | D11: 4B.OP1/4B.UPS1 Panosu
C13: 1.1 | D13: DX³ KAKR 4P 80A 30mA A tipi | E13: LEGRAND SCHNEIDER ABB SIEMENS EATON | F13: Ad. | G13: 1 | H13: 0 | I13: 0 | J13: 0 | K13: =+H13+I13+J13 -> 0 | L13: =+G13*K13 -> 0
C14: 1.2 | D14: DX3 3P C 80A 10kA | E14: LEGRAND SCHNEIDER ABB SIEMENS EATON | F14: Ad. | G14: 1 | H14: 0 | I14: 0 | J14: 0 | K14: =+H14+I14+J14 -> 0 | L14: =+G14*K14 -> 0
C15: 1.3 | D15: SİNYAL LAMBASI SARI 220V LED | E15: SİGMA EMAS GWEST | F15: Ad. | G15: 3 | H15: 0 | I15: 0 | J15: 0 | K15: =+H15+I15+J15 -> 0 | L15: =+G15*K15 -> 0
C16: 1.4 | D16: XG6 1P B6 6kA | E16: LEGRAND SCHNEIDER ABB SIEMENS EATON | F16: Ad. | G16: 3 | H16: 0 | I16: 0 | J16: 0 | K16: =+H16+I16+J16 -> 0 | L16: =+G16*K16 -> 0
C17: 1.5 | D17: 10x38 Sigorta Yuvası 3P | E17: GAWE SIGMA | F17: Ad. | G17: 1 | H17: 0 | I17: 0 | J17: 0 | K17: =+H17+I17+J17 -> 0 | L17: =+G17*K17 -> 0
C18: 1.6 | D18: 10x38 32A Silindirik Sigorta Buşonu | E18: GAWE SIGMA | F18: Ad. | G18: 3 | H18: 0 | I18: 0 | J18: 0 | K18: =+H18+I18+J18 -> 0 | L18: =+G18*K18 -> 0
C19: 1.7 | D19: C TİPİ 4 KUTUPLU 40 kA AG PARAFUDR | E19: CITEL LEGRAND OBO | F19: Ad. | G19: 1 | H19: 0 | I19: 0 | J19: 0 | K19: =+H19+I19+J19 -> 0 | L19: =+G19*K19 -> 0
C20: 1.8 | D20: XC10 4P 40A AC 30MA | E20: LEGRAND SCHNEIDER ABB SIEMENS EATON | F20: Ad. | G20: 3 | H20: 0 | I20: 0 | J20: 0 | K20: =+H20+I20+J20 -> 0 | L20: =+G20*K20 -> 0
C21: 1.9 | D21: XG6 1P C16 6kA | E21: LEGRAND SCHNEIDER ABB SIEMENS EATON | F21: Ad. | G21: 22 | H21: 0 | I21: 0 | J21: 0 | K21: =+H21+I21+J21 -> 0 | L21: =+G21*K21 -> 0
C22: 1.10 | D22: XG6 3P C16 6kA | E22: LEGRAND SCHNEIDER ABB SIEMENS EATON | F22: Ad. | G22: 8 | H22: 0 | I22: 0 | J22: 0 | K22: =+H22+I22+J22 -> 0 | L22: =+G22*K22 -> 0
C23: 1.11 | D23: XG6 3P C50 6kA | E23: LEGRAND SCHNEIDER ABB SIEMENS EATON | F23: Ad. | G23: 1 | H23: 0 | I23: 0 | J23: 0 | K23: =+H23+I23+J23 -> 0 | L23: =+G23*K23 -> 0
C24: 1.12 | D24: CTX³ 3P kontaktör 12A 1NA+1NK 230V AC bobinli | E24: LEGRAND SCHNEIDER ABB SIEMENS EATON | F24: Ad. | G24: 3 | H24: 0 | I24: 0 | J24: 0 | K24: =+H24+I24+J24 -> 0 | L24: =+G24*K24 -> 0
... C42: 1.30 | D42: 1200x600x200mm DUVAR TİPİ PANO VE MONTAJI Lokal Pano | E42: AR ETİS FORMPAN BORA GMS GÜL YEKPA PROTECH | F42: Set | G42: 1 | H42: 0 | I42: 0 | J42: 0 | K42: =+H42+I42+J42 -> 0 | L42: =+G42*K42 -> 0
C44: 2 | D44: AS.DP Panosu
C46: 2.1 | D46: XC10 4P 63A 30MA A tip | E46: LEGRAND SCHNEIDER ABB SIEMENS EATON | F46: Ad. | G46: 1 | H46: 0 | I46: 0 | J46: 0 | K46: =+H46+I46+J46 -> 0 | L46: =+G46*K46 -> 0
C47: 2.2 | D47: XG6 3P C50 6kA | E47: LEGRAND SCHNEIDER ABB SIEMENS EATON | F47: Ad. | G47: 1 | H47: 0 | I47: 0 | J47: 0 | K47: =+H47+I47+J47 -> 0 | L47: =+G47*K47 -> 0
C48: 2.3 | D48: SİNYAL LAMBASI SARI 220V LED | E48: SİGMA EMAS GWEST | F48: Ad. | G48: 3 | H48: 0 | I48: 0 | J48: 0 | K48: =+H48+I48+J48 -> 0 | L48: =+G48*K48 -> 0
C49: 2.4 | D49: XG6 1P B6 6kA | E49: LEGRAND SCHNEIDER ABB SIEMENS EATON | F49: Ad. | G49: 3 | H49: 0 | I49: 0 | J49: 0 | K49: =+H49+I49+J49 -> 0 | L49: =+G49*K49 -> 0
C50: 2.5 | D50: 10x38 Sigorta Yuvası 3P | E50: GAWE SIGMA | F50: Ad. | G50: 1 | H50: 0 | I50: 0 | J50: 0 | K50: =+H50+I50+J50 -> 0 | L50: =+G50*K50 -> 0
C51: 2.6 | D51: 10x38 32A Silindirik Sigorta Buşonu | E51: GAWE SIGMA | F51: Ad. | G51: 3 | H51: 0 | I51: 0 | J51: 0 | K51: =+H51+I51+J51 -> 0 | L51: =+G51*K51 -> 0
C52: 2.7 | D52: C TİPİ 4 KUTUPLU 40 kA AG PARAFUDR | E52: CITEL LEGRAND OBO | F52: Ad. | G52: 1 | H52: 0 | I52: 0 | J52: 0 | K52: =+H52+I52+J52 -> 0 | L52: =+G52*K52 -> 0
C53: 2.8 | D53: XC10 4P 25A AC 30MA | E53: LEGRAND SCHNEIDER ABB SIEMENS EATON | F53: Ad. | G53: 4 | H53: 0 | I53: 0 | J53: 0 | K53: =+H53+I53+J53 -> 0 | L53: =+G53*K53 -> 0
C54: 2.9 | D54: XC10 4P 40A AC 30MA | E54: LEGRAND SCHNEIDER ABB SIEMENS EATON | F54: Ad. | G54: 1 | H54: 0 | I54: 0 | J54: 0 | K54: =+H54+I54+J54 -> 0 | L54: =+G54*K54 -> 0
C55: 2.10 | D55: XC10 4P 40A AC 300MA | E55: LEGRAND SCHNEIDER ABB SIEMENS EATON | F55: Ad. | G55: 1 | H55: 0 | I55: 0 | J55: 0 | K55: =+H55+I55+J55 -> 0 | L55: =+G55*K55 -> 0
C56: 2.11 | D56: XG6 1P B6 6kA | E56: LEGRAND SCHNEIDER ABB SIEMENS EATON | F56: Ad. | G56: 6 | H56: 0 | I56: 0 | J56: 0 | K56: =+H56+I56+J56 -> 0 | L56: =+G56*K56 -> 0
C57: 2.12 | D57: XG6 1P B10 6kA | E57: LEGRAND SCHNEIDER ABB SIEMENS EATON | F57: Ad. | G57: 2 | H57: 0 | I57: 0 | J57: 0 | K57: =+H57+I57+J57 -> 0 | L57: =+G57*K57 -> 0
... C71: 2.26 | D71: 1000x700x200mm DUVAR TİPİ PANO VE MONTAJI Lokal Pano | E71: AR ETİS FORMPAN BORA GMS GÜL YEKPA PROTECH | F71: Set | G71: 1 | H71: 0 | I71: 0 | J71: 0 | K71: =+H71+I71+J71 -> 0 | L71: =+G71*K71 -> 0
C73: 3 | D73: AS.UDP Panosu
C75: 3.1 | D75: XG6 3P C25 6kA | E75: LEGRAND SCHNEIDER ABB SIEMENS EATON | F75: Ad. | G75: 1 | H75: 0 | I75: 0 | J75: 0 | K75: =+H75+I75+J75 -> 0 | L75: =+G75*K75 -> 0
C76: 3.2 | D76: XC10 4P 25A 30MA A tip | E76: LEGRAND SCHNEIDER ABB SIEMENS EATON | F76: Ad. | G76: 1 | H76: 0 | I76: 0 | J76: 0 | K76: =+H76+I76+J76 -> 0 | L76: =+G76*K76 -> 0
C77: 3.3 | D77: SİNYAL LAMBASI SARI 220V LED | E77: SİGMA EMAS GWEST | F77: Ad. | G77: 3 | H77: 0 | I77: 0 | J77: 0 | K77: =+H77+I77+J77 -> 0 | L77: =+G77*K77 -> 0
C78: 3.4 | D78: XG6 1P B6 6kA | E78: LEGRAND SCHNEIDER ABB SIEMENS EATON | F78: Ad. | G78: 3 | H78: 0 | I78: 0 | J78: 0 | K78: =+H78+I78+J78 -> 0 | L78: =+G78*K78 -> 0
C79: 3.5 | D79: 10x38 Sigorta Yuvası 3P | E79: GAWE SIGMA | F79: Ad. | G79: 1 | H79: 0 | I79: 0 | J79: 0 | K79: =+H79+I79+J79 -> 0 | L79: =+G79*K79 -> 0
C80: 3.6 | D80: 10x38 25A Silindirik Sigorta Buşonu | E80: GAWE SIGMA | F80: Ad. | G80: 3 | H80: 0 | I80: 0 | J80: 0 | K80: =+H80+I80+J80 -> 0 | L80: =+G80*K80 -> 0
C81: 3.7 | D81: C TİPİ 4 KUTUPLU 40 kA AG PARAFUDR | E81: CITEL LEGRAND OBO | F81: Ad. | G81: 1 | H81: 0 | I81: 0 | J81: 0 | K81: =+H81+I81+J81 -> 0 | L81: =+G81*K81 -> 0
C82: 3.8 | D82: XG6 1P C16 6kA | E82: LEGRAND SCHNEIDER ABB SIEMENS EATON | F82: Ad. | G82: 6 | H82: 0 | I82: 0 | J82: 0 | K82: =+H82+I82+J82 -> 0 | L82: =+G82*K82 -> 0
C83: 3.9 | D83: PYK 4 GRI | E83: WAGO KLEMSAN-Tüm grup 1 set | F83: Set | G83: 4 | H83: 0 | I83: 0 | J83: 0 | K83: =+H83+I83+J83 -> 0 | L83: =+G83*K83 -> 0
C84: 3.10 | D84: PYK 2.5_M2F (GRI) ÇİFT KATLI | E84: WAGO KLEMSAN-Tüm grup 1 set | F84: Set | G84: 6 | H84: 0 | I84: 0 | J84: 0 | K84: =+H84+I84+J84 -> 0 | L84: =+G84*K84 -> 0
C85: 3.11 | D85: KD 4 GRI / VİDASIZ DURDURUCU | E85: WAGO KLEMSAN-Tüm grup 1 set | F85: Set | G85: 2 | H85: 0 | I85: 0 | J85: 0 | K85: =+H85+I85+J85 -> 0 | L85: =+G85*K85 -> 0
C86: 3.12 | D86: 500x400x200mm DUVAR TİPİ PANO VE MONTAJI Lokal Pano | E86: AR ETİS FORMPAN BORA GMS GÜL YEKPA PROTECH | F86: Set | G86: 1 | H86: 0 | I86: 0 | J86: 0 | K86: =+H86+I86+J86 -> 0 | L86: =+G86*K86 -> 0
C88: 4 | D88: 4B.OP2 Panosu
C90: 4.1 | D90: XC10 4P 63A 30MA A tip | E90: LEGRAND SCHNEIDER ABB SIEMENS EATON | F90: Ad. | G90: 1 | H90: 0 | I90: 0 | J90: 0 | K90: =+H90+I90+J90 -> 0 | L90: =+G90*K90 -> 0
C91: 4.2 | D91: XG6 3P C50 6kA | E91: LEGRAND SCHNEIDER ABB SIEMENS EATON | F91: Ad. | G91: 1 | H91: 0 | I91: 0 | J91: 0 | K91: =+H91+I91+J91 -> 0 | L91: =+G91*K91 -> 0
C92: 4.3 | D92: SİNYAL LAMBASI SARI 220V LED | E92: SİGMA EMAS GWEST | F92: Ad. | G92: 3 | H92: 0 | I92: 0 | J92: 0 | K92: =+H92+I92+J92 -> 0 | L92: =+G92*K92 -> 0
C93: 4.4 | D93: XG6 1P B6 6kA | E93: LEGRAND SCHNEIDER ABB SIEMENS EATON | F93: Ad. | G93: 3 | H93: 0 | I93: 0 | J93: 0 | K93: =+H93+I93+J93 -> 0 | L93: =+G93*K93 -> 0
C94: 4.5 | D94: XC10 4P 25A AC 30MA | E94: LEGRAND SCHNEIDER ABB SIEMENS EATON | F94: Ad. | G94: 3 | H94: 0 | I94: 0 | J94: 0 | K94: =+H94+I94+J94 -> 0 | L94: =+G94*K94 -> 0
C95: 4.6 | D95: XG6 3P C20 6kA | E95: LEGRAND SCHNEIDER ABB SIEMENS EATON | F95: Ad. | G95: 2 | H95: 0 | I95: 0 | J95: 0 | K95: =+H95+I95+J95 -> 0 | L95: =+G95*K95 -> 0
C96: 4.7 | D96: XG6 3P C16 6kA | E96: LEGRAND SCHNEIDER ABB SIEMENS EATON | F96: Ad. | G96: 7 | H96: 0 | I96: 0 | J96: 0 | K96: =+H96+I96+J96 -> 0 | L96: =+G96*K96 -> 0
C97: 4.8 | D97: XG6 1P C16 6kA | E97: LEGRAND SCHNEIDER ABB SIEMENS EATON | F97: Ad. | G97: 17 | H97: 0 | I97: 0 | J97: 0 | K97: =+H97+I97+J97 -> 0 | L97: =+G97*K97 -> 0
C98: 4.9 | D98: PYK 6 GRI | E98: WAGO KLEMSAN-Tüm grup 1 set | F98: Set | G98: 4 | H98: 0 | I98: 0 | J98: 0 | K98: =+H98+I98+J98 -> 0 | L98: =+G98*K98 -> 0
C99: 4.10 | D99: PYK 2.5_M2F (GRI) ÇİFT KATLI | E99: WAGO KLEMSAN-Tüm grup 1 set | F99: Set | G99: 34 | H99: 0 | I99: 0 | J99: 0 | K99: =+H99+I99+J99 -> 0 | L99: =+G99*K99 -> 0
C100: 4.11 | D100: KD 4 GRI / VİDASIZ DURDURUCU | E100: WAGO KLEMSAN-Tüm grup 1 set | F100: Set | G100: 2 | H100: 0 | I100: 0 | J100: 0 | K100: =+H100+I100+J100 -> 0 | L100: =+G100*K100 -> 0
C101: 4.12 | D101: 800x600x200mm DUVAR TİPİ PANO VE MONTAJI Lokal Pano | E101: AR ETİS FORMPAN BORA GMS GÜL YEKPA PROTECH | F101: Set | G101: 1 | H101: 0 | I101: 0 | J101: 0 | K101: =+H101+I101+J101 -> 0 | L101: =+G101*K101 -> 0
C103: 5 | D103: 3B.OP1/3B.UPS1 Panosu
C105: 5.1 | D105: XC10 4P 40A 30MA A tip | E105: LEGRAND SCHNEIDER ABB SIEMENS EATON | F105: Ad. | G105: 1 | H105: 0 | I105: 0 | J105: 0 | K105: =+H105+I105+J105 -> 0 | L105: =+G105*K105 -> 0
C106: 5.2 | D106: XG6 3P C32 6kA | E106: LEGRAND SCHNEIDER ABB SIEMENS EATON | F106: Ad. | G106: 1 | H106: 0 | I106: 0 | J106: 0 | K106: =+H106+I106+J106 -> 0 | L106: =+G106*K106 -> 0
C107: 5.3 | D107: SİNYAL LAMBASI SARI 220V LED | E107: SİGMA EMAS GWEST | F107: Ad. | G107: 3 | H107: 0 | I107: 0 | J107: 0 | K107: =+H107+I107+J107 -> 0 | L107: =+G107*K107 -> 0
C108: 5.4 | D108: XG6 1P B6 6kA | E108: LEGRAND SCHNEIDER ABB SIEMENS EATON | F108: Ad. | G108: 3 | H108: 0 | I108: 0 | J108: 0 | K108: =+H108+I108+J108 -> 0 | L108: =+G108*K108 -> 0
C109: 5.5 | D109: 10x38 Sigorta Yuvası 3P | E109: GAWE SIGMA | F109: Ad. | G109: 3 | H109: 0 | I109: 0 | J109: 0 | K109: =+H109+I109+J109 -> 0 | L109: =+G109*K109 -> 0
C110: 5.6 | D110: 10x38 32A Silindirik Sigorta Buşonu | E110: GAWE SIGMA | F110: Ad. | G110: 3 | H110: 0 | I110: 0 | J110: 0 | K110: =+H110+I110+J110 -> 0 | L110: =+G110*K110 -> 0
C111: 5.7 | D111: C TİPİ 4 KUTUPLU 40 kA AG PARAFUDR | E111: CITEL LEGRAND OBO | F111: Ad. | G111: 1 | H111: 0 | I111: 0 | J111: 0 | K111: =+H111+I111+J111 -> 0 | L111: =+G111*K111 -> 0
C112: 5.8 | D112: XC10 4P 25A AC 30MA | E112: LEGRAND SCHNEIDER ABB SIEMENS EATON | F112: Ad. | G112: 3 | H112: 0 | I112: 0 | J112: 0 | K112: =+H112+I112+J112 -> 0 | L112: =+G112*K112 -> 0
C113: 5.9 | D113: XC10 2P 25A AC 30MA | E113: LEGRAND SCHNEIDER ABB SIEMENS EATON | F113: Ad. | G113: 1 | H113: 0 | I113: 0 | J113: 0 | K113: =+H113+I113+J113 -> 0 | L113: =+G113*K113 -> 0
C114: 5.10 | D114: XG6 3P C16 6kA | E114: LEGRAND SCHNEIDER ABB SIEMENS EATON | F114: Ad. | G114: 2 | H114: 0 | I114: 0 | J114: 0 | K114: =+H114+I114+J114 -> 0 | L114: =+G114*K114 -> 0
C115: 5.11 | D115: XG6 1P C16 6kA | E115: LEGRAND SCHNEIDER ABB SIEMENS EATON | F115: Ad. | G115: 19 | H115: 0 | I115: 0 | J115: 0 | K115: =+H115+I115+J115 -> 0 | L115: =+G115*K115 -> 0
C116: 5.12 | D116: XG6 1P C25 6kA | E116: LEGRAND SCHNEIDER ABB SIEMENS EATON | F116: Ad. | G116: 1 | H116: 0 | I116: 0 | J116: 0 | K116: =+H116+I116+J116 -> 0 | L116: =+G116*K116 -> 0
... C120: 5.16 | D120: 800x600x200mm DUVAR TİPİ PANO VE MONTAJI Lokal Pano | E120: AR ETİS FORMPAN BORA GMS GÜL YEKPA PROTECH | F120: Set | G120: 1 | H120: 0 | I120: 0 | J120: 0 | K120: =+H120+I120+J120 -> 0 | L120: =+G120*K120 -> 0
C122: 6 | D122: 3B.OP2 Panosu
C124: 6.1 | D124: XC10 4P 40A 30MA A tip | E124: LEGRAND SCHNEIDER ABB SIEMENS EATON | F124: Ad. | G124: 1 | H124: 0 | I124: 0 | J124: 0 | K124: =+H124+I124+J124 -> 0 | L124: =+G124*K124 -> 0
C125: 6.2 | D125: XG6 3P C32 6kA | E125: LEGRAND SCHNEIDER ABB SIEMENS EATON | F125: Ad. | G125: 1 | H125: 0 | I125: 0 | J125: 0 | K125: =+H125+I125+J125 -> 0 | L125: =+G125*K125 -> 0
C126: 6.3 | D126: SİNYAL LAMBASI SARI 220V LED | E126: SİGMA EMAS GWEST | F126: Ad. | G126: 3 | H126: 0 | I126: 0 | J126: 0 | K126: =+H126+I126+J126 -> 0 | L126: =+G126*K126 -> 0
C127: 6.4 | D127: XG6 1P B6 6kA | E127: LEGRAND SCHNEIDER ABB SIEMENS EATON | F127: Ad. | G127: 3 | H127: 0 | I127: 0 | J127: 0 | K127: =+H127+I127+J127 -> 0 | L127: =+G127*K127 -> 0
C128: 6.5 | D128: 10x38 Sigorta Yuvası 3P | E128: GAWE SIGMA | F128: Ad. | G128: 1 | H128: 0 | I128: 0 | J128: 0 | K128: =+H128+I128+J128 -> 0 | L128: =+G128*K128 -> 0
C129: 6.6 | D129: 10x38 32A Silindirik Sigorta Buşonu | E129: GAWE SIGMA | F129: Ad. | G129: 3 | H129: 0 | I129: 0 | J129: 0 | K129: =+H129+I129+J129 -> 0 | L129: =+G129*K129 -> 0
C130: 6.7 | D130: C TİPİ 4 KUTUPLU 40 kA AG PARAFUDR | E130: CITEL LEGRAND OBO | F130: Ad. | G130: 1 | H130: 0 | I130: 0 | J130: 0 | K130: =+H130+I130+J130 -> 0 | L130: =+G130*K130 -> 0
C131: 6.8 | D131: XC10 4P 40A AC 30MA | E131: LEGRAND SCHNEIDER ABB SIEMENS EATON | F131: Ad. | G131: 1 | H131: 0 | I131: 0 | J131: 0 | K131: =+H131+I131+J131 -> 0 | L131: =+G131*K131 -> 0
C132: 6.9 | D132: XC10 4P 25A AC 30MA | E132: LEGRAND SCHNEIDER ABB SIEMENS EATON | F132: Ad. | G132: 2 | H132: 0 | I132: 0 | J132: 0 | K132: =+H132+I132+J132 -> 0 | L132: =+G132*K132 -> 0
C133: 6.10 | D133: XG6 1P C16 6kA | E133: LEGRAND SCHNEIDER ABB SIEMENS EATON | F133: Ad. | G133: 14 | H133: 0 | I133: 0 | J133: 0 | K133: =+H133+I133+J133 -> 0 | L133: =+G133*K133 -> 0
C134: 6.11 | D134: PYK 4 GRI | E134: WAGO KLEMSAN-Tüm grup 1 set | F134: Set | G134: 4 | H134: 0 | I134: 0 | J134: 0 | K134: =+H134+I134+J134 -> 0 | L134: =+G134*K134 -> 0
C135: 6.12 | D135: PYK 2.5_M2F (GRI) ÇİFT KATLI | E135: WAGO KLEMSAN-Tüm grup 1 set | F135: Set | G135: 14 | H135: 0 | I135: 0 | J135: 0 | K135: =+H135+I135+J135 -> 0 | L135: =+G135*K135 -> 0
... C137: 6.14 | D137: 800x500x200mm DUVAR TİPİ PANO VE MONTAJI Lokal Pano | E137: AR ETİS FORMPAN BORA GMS GÜL YEKPA PROTECH | F137: Set | G137: 1 | H137: 0 | I137: 0 | J137: 0 | K137: =+H137+I137+J137 -> 0 | L137: =+G137*K137 -> 0
C139: 7 | D139: ÇK.MCC Panosu
C141: 7.1 | D141: XC10 4P 63A 30MA A tip | E141: LEGRAND SCHNEIDER ABB SIEMENS EATON | F141: Ad. | G141: 1 | H141: 0 | I141: 0 | J141: 0 | K141: =+H141+I141+J141 -> 0 | L141: =+G141*K141 -> 0
C142: 7.2 | D142: XG6 3P C50 6kA | E142: LEGRAND SCHNEIDER ABB SIEMENS EATON | F142: Ad. | G142: 1 | H142: 0 | I142: 0 | J142: 0 | K142: =+H142+I142+J142 -> 0 | L142: =+G142*K142 -> 0
C143: 7.3 | D143: SİNYAL LAMBASI SARI 220V LED | E143: SİGMA EMAS GWEST | F143: Ad. | G143: 3 | H143: 0 | I143: 0 | J143: 0 | K143: =+H143+I143+J143 -> 0 | L143: =+G143*K143 -> 0
C144: 7.4 | D144: XG6 1P B6 6kA | E144: LEGRAND SCHNEIDER ABB SIEMENS EATON | F144: Ad. | G144: 3 | H144: 0 | I144: 0 | J144: 0 | K144: =+H144+I144+J144 -> 0 | L144: =+G144*K144 -> 0
C145: 7.5 | D145: 10x38 Sigorta Yuvası 3P | E145: GAWE SIGMA | F145: Ad. | G145: 1 | H145: 0 | I145: 0 | J145: 0 | K145: =+H145+I145+J145 -> 0 | L145: =+G145*K145 -> 0
C146: 7.6 | D146: 10x38 32A Silindirik Sigorta Buşonu | E146: GAWE SIGMA | F146: Ad. | G146: 3 | H146: 0 | I146: 0 | J146: 0 | K146: =+H146+I146+J146 -> 0 | L146: =+G146*K146 -> 0
C147: 7.7 | D147: C TİPİ 4 KUTUPLU 40 kA AG PARAFUDR | E147: CITEL LEGRAND OBO | F147: Ad. | G147: 1 | H147: 0 | I147: 0 | J147: 0 | K147: =+H147+I147+J147 -> 0 | L147: =+G147*K147 -> 0
C148: 7.8 | D148: XC10 4P 25A AC 30MA | E148: LEGRAND SCHNEIDER ABB SIEMENS EATON | F148: Ad. | G148: 2 | H148: 0 | I148: 0 | J148: 0 | K148: =+H148+I148+J148 -> 0 | L148: =+G148*K148 -> 0
C149: 7.9 | D149: XG6 3P C25 6kA | E149: LEGRAND SCHNEIDER ABB SIEMENS EATON | F149: Ad. | G149: 1 | H149: 0 | I149: 0 | J149: 0 | K149: =+H149+I149+J149 -> 0 | L149: =+G149*K149 -> 0
C150: 7.10 | D150: XG6 1P C25 6kA | E150: LEGRAND SCHNEIDER ABB SIEMENS EATON | F150: Ad. | G150: 3 | H150: 0 | I150: 0 | J150: 0 | K150: =+H150+I150+J150 -> 0 | L150: =+G150*K150 -> 0
...
